Location Name,Latitude,Longitude,Description,Story,Founded,Community Type
Ash House (Fort de la Frèniere),49.4589° N,100.4167° W,"This North West Company ""canoe fort"" was established on the north shore of the Souris River, which was originally called Rivière St. Pierre by La Vérendrye. Located near present-day Hartney, the fort was strategically surrounded on three sides by the river for natural defense. It was built to challenge the growing competition of the Hudson’s Bay Company in the Assiniboine region. Astronomer David Thompson recorded its precise latitude, noting it was roughly 13.5 miles from where Plum Creek entered the Souris.","The Silent Fort: A suspenseful narrative focused on the final year of operations, depicting the anxiety of traders during a lone winter at a fort ""too open to the incursions of the Sioux Indians"". The story ends with the hasty decision to desert the post just before David Thompson’s 1797 arrival found it empty.",1795,Fort / Trading Post
Bacon Ridge,51.1542° N,99.3039° W,"Located south of Lake Ebb and Flow and its associated reserve, this settlement recorded a population of ninety Métis in 1959. It was categorized as a community where the Métis lived on the ""fringe"" of an Indian Reserve. The area is historically significant as a site for traditional maple sugaring.","The Fringe Dwellers: A social drama exploring the lives of a family at Bacon Ridge, navigating the cultural and legal gap between the neighboring reserve and the provincial government while harvesting maple syrup.",1950s (Documented),Road Allowance Community
Baie de Canard,52.1764° N,100.1492° W,A centuries-old gathering place on Lake Winnipegosis known for salt springs and fisheries. Many members took scrip in 1885 but unsuccessfully petitioned to return to Treaty status in 1893.,The Scrip Petition: A historical legal drama about the 1893 petition of the Duck Bay Métis as they struggle to reclaim their rights after being misled into taking scrip.,#N/A,Settlement
Baie St. Paul,49.9822° N,97.9011° W,"A French-Métis parish on the Assiniboine River between St. François Xavier and Poplar Point. Father Belcourt founded the mission to transition the Métis and Saulteaux to a sedentary lifestyle by providing plows and oxen to plant potatoes, corn, and oats. The settlement included a school led by the Nolin sisters, who were fluent in French, English, Ojibwa, and Cree.","Graves in the Current: A haunting historical piece set during the catastrophic 1882 flood. As the cemetery slides into the rising Assiniboine, families are forced to make a difficult trek to North Dakota with their parish priest, Cyrille Saint-Pierre, to seek a new beginning.",#N/A,Parish / Settlement
Baie St. Paul (Saulteaux Village),49.9822° N,97.9011° W,"A French-Métis parish on the Assiniboine River between St. François Xavier and Poplar Point. Father Belcourt founded the mission to transition the Métis and Saulteaux to a sedentary lifestyle by providing plows and oxen to plant potatoes, corn, and oats. The settlement included a school led by the Nolin sisters, who were fluent in French, English, Ojibwa, and Cree.","Graves in the Current: A haunting historical piece set during the catastrophic 1882 flood. As the cemetery slides into the rising Assiniboine, families are forced to make a difficult trek to North Dakota with their parish priest, Cyrille Saint-Pierre, to seek a new beginning.",1832,Parish / Settlement
Balsam Bay,50.4189° N,96.6514° W,"A Métis community located south of Grand Beach with a recorded history dating to 1884. It was named by Matilda Aerson (née Thomas). The community was known for its local cemetery, which provided free burial grounds for several surrounding settlements including Beaconia, Stony Point, and Belair.",Guardians of the Bay: A narrative centered on the community’s efforts to maintain their unique identity and their sacred free burial grounds as the surrounding area begins to transform into a popular tourist destination for outsiders.,1884,Settlement
"Barrows (Baden, Powell, National Mills and Red Deer Lake)",52.8317° N,101.4428° W,"This area was settled by the Red River Métis in the late 1700s. Barrows is the largest of a cluster of five associated Métis communities situated on the northern edge of the Porcupine Forest. It served as a rapidly constructed lumber town for the Red Deer Lumber Company. By the mid-1920s, the mill operation ceased, leading to a decline in the town's prominence. The area is historically linked to the Fort Red Deer River (or Fort Rivière la Biche), a North West Company post founded by Hugh McGillis in 1794. In 1959, the census recorded 130 Métis in Baden, 40 in Barrows, 20 in National Mills, and 59 in Red Deer Lake.","The Last Sawmill: A historical drama set in 1926 following a Métis family in Barrows as the Red Deer Lumber Company mill whistles blow for the final time. The story explores their struggle to maintain their deep connection to the Porcupine Forest while the economic engine of their town is dismantled, forcing a choice between the land they have occupied since the 1700s and seeking labor in the cities to the south.",Late 1700s,Settlement (Lumber Towns)
Bas de la Rivière (Fort Alexander),50.6053° N,96.2917° W,"Originally established as a wintering post and depot for the North West Company in 1732, this location was vital because the soil was suitable for agriculture when other areas failed. In 1792, Simon Fraser and Lesieur Toussaint established a larger post here, also known as Sieurs Fort. It served as a strategic provisioning hub where bags of pemmican from the upper Assiniboine were stored for canoe brigades traveling to the far northwest. It was the unofficial capital of the NW Company's Lake Winnipeg district. By 1817, the Métis staff were farming wheat, barley, and potatoes, effectively supplying the Red River Settlement with seed grain during years of crop failure.",The Provisioning Brigade: A historical account set during a winter of starvation in the early Red River Settlement. The narrative follows the Métis staff at Bas de la Rivière as they manage a massive ranch for hogs and cattle and work through the night at their horse-powered flour mill to prepare life-saving seed grain and salted Traverse Bay whitefish for the desperate Selkirk Settlers.,1732,Fort / Trading Post
"Bas de la Rivière (Pine Falls, Fort Alexander)",50.6053° N,96.2917° W,"This community spanned both shores of the Winnipeg River, from Pointe au Foutre (the portage at Pine Falls) down to Traverse Bay on Lake Winnipeg. It was ideally positioned for the October whitefish fishery, where fish spawn on the gravel bottoms of the bay. By the early 1800s, it featured extensive gardens that sold vegetables to incoming settlers. After the amalgamation of the fur companies in 1821, the site lost its status as a major transshipment hub but remained a thriving Métis agricultural and fishing community. In 1958, the road allowance community at Pine Falls alone recorded a population of 300 Métis.","The Whitefish Run: A vibrant seasonal story centered on the annual October migration of whitefish. The plot follows families as they gather on the gravel shoals of Traverse Bay, utilizing traditional fishing techniques to stock their winter larders. The narrative contrasts the tranquility of the river life with the frantic labor of the ""Harvest Brigade"" that once defined the post's importance to the entire northwest.",1732,Fort / Settlement
Batoche,52.7533° N,106.1158° W,A destination for French-speaking Métis who moved permanently to their traditional wintering quarters after the 1869-70 Resistance. It is recognized as a significant community in the Métis Homeland.,Relocation West: A story follows a family from the Red River valley making the long journey west to their wintering grounds in Batoche to escape the social and political changes following 1870.,Historic wintering site,Settlement (Wintering site)
Battle River Valley,52.8833° N,108.2833° W,Recognized in the Virtual Museum as a significant community area associated with Buffalo Lake. It was part of the western territory utilized by the Métis during the buffalo hunting era.,"The Western Hunt: A narrative following a hunt brigade as they move through the Battle River Valley, documenting the seasonal lifestyle and kinship ties established in the western interior.",Historic,Settlement / Wintering site
Berens River,52.3578° N,97.0253° W,"Located on the east shore of Lake Winnipeg, this site was a stopping point for Métis boatmen since 1765. It was a thriving community until 1970, when a ban on fishing due to mercury contamination devastated the local economy. Most fishermen were forced to relocate, leaving the remainder dependent on government compensation.",The Poisoned Lake: A poignant story about a legendary fisherman from Berens River dealing with the sudden loss of his livelihood and his traditional connection to the water after the 1970 mercury crisis.,1814 (First post),Settlement / Trading Post
Big Eddy (Settlement),53.8419° N,101.3144° W,"A road allowance community located seven kilometers northwest of The Pas. When The Pas was incorporated in 1912, Big Eddy was intentionally excluded from the town boundaries. This exclusion allowed the municipality to deny Métis residents access to basic services like water and sewer.","Outside the Line: A political drama following a community leader in Big Eddy as he petitions the government to extend simple town services to his community, which is visible but legally excluded from the town's prosperity.",1912 (Incorporation exclusion),Road Allowance Community
Birds Hill,50.0069° N,96.9203° W,"Named after James Curtis Bird, an HBC Chief Factor who received a 3,000-acre land grant here in 1824. Known as ""the Pines,"" its high ground served as a vital sanctuary for Red River settlers and their livestock during the great floods of 1826 and 1852.","Refuge in the Pines: A survival story set during the 1852 flood, where diverse groups of Métis and settlers huddle together on the high ground while the valley below becomes an inland sea.",1824 (Grant),Historic Sanctuary
Birsay Village,51.0959° N,106.9812° W,"Built west of Fort Douglas by Orkney-Cree Michif freemen seeking a sedentary life. Named for the home parish of leader Magnus Spence. The village was hit by outbreaks of whooping cough and measles, followed by a plague of grasshoppers that destroyed their crops.",The Orkney Dream: A historical tragedy detailing the resilience and heartbreak of the Orkney freemen as they attempt to build a permanent home only to be defeated by disease and insects in 1819.,#N/A,Settlement
Birsay Village or Orkney Town,51.0959° N,106.9812° W,"Built west of Fort Douglas by Orkney-Cree Michif freemen seeking a sedentary life. Named for the home parish of leader Magnus Spence. The village was hit by outbreaks of whooping cough and measles, followed by a plague of grasshoppers that destroyed their crops.",The Orkney Dream: A historical tragedy detailing the resilience and heartbreak of the Orkney freemen as they attempt to build a permanent home only to be defeated by disease and insects in 1819.,1817,#N/A
Black Butte (Butte Noir),48.9833° N,102.6667° W,Listed in the Virtual Museum as a significant Métis community. It was part of the geographic network of the plains Métis.,"The Lookout: A story follows a buffalo scout stationed at Black Butte, monitoring the herds and approaching brigades during the peak of the 19th-century hunts.",Historic,Settlement / Landmark
Blood River Post (Bloodvein River),51.7850° N,96.7117° W,An HBC post located at the mouth of the Bloodvein River on Lake Winnipeg. It was part of the extensive northern trade network utilized by Métis boatmen.,"The Blood River Brigade: A story following a York boat brigade's stop at the post, highlighting the cultural interactions between traders and local bands along the eastern shore.",1794,Trading Post
Blueberry Patch,49.8553° N,97.2344° W,"Traditional harvesting grounds within the Swan Pelican Provincial Forest used by the Métis and First Nations people of Pine Creek, Camperville, and Duck Bay. Located on unoccupied Crown lands, these grounds were essential for food and medicinal gathering.","The Blue Harvest: A seasonal narrative focusing on the annual gathering of families at the patch, where traditional harvesting is blended with the sharing of oral histories and medicinal knowledge.",Ancient / Traditional,Traditional Harvesting Site
Boggy Creek and San Clara,51.5714° N,101.3931° W,"Settled by fur trade families in the 1880s, these hubs near Roblin were thriving communities for trapping and trade. In the late 1930s, many founding families (Jeromes, Langans) were forcibly displaced under the Prairie Farm Rehabilitation Act to create community pastures.","The Pasture War: A narrative focusing on the 1930s displacement, following a family as they watch their homestead being transformed into a government-run pasture while their homes are burned.",Early 1880s,Settlement
Brandon House and Fort Assiniboine,49.6978° N,99.6386° W,"Brandon House was founded by the HBC on the northeast bank of the Assiniboine River. It was a central trade hub but underwent several moves due to competition. In 1816, it was famously captured and plundered by Cuthbert Grant and a party of Métis as a prelude to the Battle of Seven Oaks.","The Capture of Brandon House: A tense historical drama set on June 1, 1816, following the strategic decisions of Cuthbert Grant's party as they seize the fort's pemmican stores to bypass the Red River colony.","Oct 16, 1793",Forts / Trading Posts
Buffalo Lake,52.4833° N,112.8500° W,Listed as a site of a historic Métis settlement and wintering grounds in the Battle River Valley.,Winter at Buffalo Lake: A narrative detailing the social life and survival strategies of a Métis wintering brigade (hivernants) at Buffalo Lake during the mid-19th century.,Historic,Settlement (Wintering site)
"Butte St. Paul (""Ot Accowabiwinins"")",48.8167° N,99.5500° W,"A significant landmark and community site mentioned in the Virtual Museum. The name ""Ot Accowabiwinins"" reflects the Indigenous roots of the location.",The Vision at the Butte: A story explores the traditional spiritual significance of the butte for the Métis and their ancestors who used it as a landmark and ceremonial site.,Ancient,Landmark
"Calf Mountain (Tete de Boeuf), Little Dance Hill",49.1809° N,98.3861° W,"Located south of Darlingford with an elevation of 1,550 feet, this was a sacred ceremonial site for Plains Indians who called it Mepawaquomoshin (Little Dance Hill). It was a strategic landmark for Red River buffalo hunters. In the mid-1850s, a legendary battle occurred here where 1,500 buffalo hunters defeated a Sioux war party; roughly 597 warriors were reportedly buried on the western slope. In 1909, an anthropologist from the University of Toronto dug into the mound, removing many artifacts to the dismay of local Aboriginal people.","The Ancestors' Smudge: A poignant modern story following Métis and Dakota descendants from Belcourt, North Dakota, as they make their annual autumn trek to the hill. The narrative focuses on the solemn ceremony of walking the mound, scattering tobacco, and offering food to the spirits of the warriors buried there, attempting to reclaim the spiritual significance of a site once desecrated by early 20th-century anthropologists.",Ancient / Historic,Historic / Ceremonial Site
Camperville,51.9161° N,100.0169° W,"History is rooted in the 1860s salt trade where Métis prepared salt for the HBC. Renamed for Father Camper, who encouraged Métis from St. Laurent to settle there. A residential school was established in 1894 to educate Indian and Métis children.","The Salt Makers: A story of the community's origins in the 1860s salt trade, focusing on families building a new life and the memory of the ""salt cribs"" at Flett's Point.",1860s (Salt); 1914 (Renamed),Settlement
Carlton Trail (Métis Stopping Points),52.7533° N,106.1158° W,"A network of stopping houses established as Métis freighted goods west to Edmonton. These houses, such as High Bluff and Tanner’s Crossing, evolved into small Métis settlements.","The Freight Road: A narrative following a Red River cart brigade along the trail, highlighting the unique culture and challenges found at each stopping house during the long trek to Edmonton.",Early 1800s,Transportation Route
Carrot River Valley (Pasquia Settlement),53.5167° N,103.2667° W,A strategic region south of The Pas used for farming and gathering. It includes settlements like Young's Point and was historically a rendezvous for hunters awaiting spring fish runs.,Pasquia Shadows: A narrative exploring early 20th-century farming efforts as Métis families navigated the transition from the fur trade to a sedentary life in the valley.,Ancient Rendezvous; 1741 (Fort),Settlement Hub
Catfish Creek,50.4022° N,96.3478° W,Flows into the Assiniboine River near present-day Polo Park. Historically significant as the location where Cuthbert Grant and his men left the river to move north to Frog Plain in 1816.,The Strategic Turn: An action-focused historical piece about Grant’s maneuver at Catfish Creek to bypass the HBC monopoly and prepare for the battle at Seven Oaks.,#N/A,Geographic Landmark
Cayer,51.3533° N,99.0308° W,"A Métis community located northeast of McCreary and east of Dauphin. Named for Narcisse K. Cayer, it had a population of 150 Métis residents in 1959.","The Settlement of Cayer: A story focused on 1950s life in Cayer, highlighting the social fabric and independence of this self-sufficient northern community.",1950s (Documented),Settlement
Cedar Lake (Chemanwawin) Métis Settlement,53.1833° N,99.2833° W,"A self-sufficient community on the west shore of Cedar Lake, its name derived from the Cree word for ""a place for fishing with nets"". In the early 1960s, the entire settlement—composed of 43 First Nations and 12 Métis families—was flooded out by the Grand Rapids Hydro Project. They were relocated to Easterville on a townsite that was deemed unsuitable for their traditional subsistence lifestyle. The community received only $20,000 in compensation and vague, unfulfilled promises of economic aid from the provincial government.","The Sunken Village: A heartbreaking narrative following a Métis Elder who returns to the shore of the hydro reservoir. He watches the water where his home and the sturgeon fishery once existed, reflecting on the 1962 relocation where his family, who did not speak English, was pressured into signing documents they didn't understand, leading to the construction of permanent government dependency.",Ancient; Relocated 1960s,Settlement (Flooded)
Charleswood (St. Charles Parish),49.8517° N,97.2831° W,"The location of ""The Passage,"" a natural ford for Red River carts. Among the earliest settlers on the river lot farms were the Beauchemin, Hogue, and Morrissette families.","Bypassing the Forks: A story about independent traders in the 1840s using ""The Passage"" in Charleswood to bypass the HBC monopoly at the Forks.",Early 1800s,Parish / Settlement
Choteau,47.8122° N,112.1831° W,Listed in the Virtual Museum as a significant Métis community in Montana. Associated with the Four Persons community.,Frontier Ties: A story explores the kinship links between the Red River Métis and the Montana settlements like Choteau during the late 19th-century migrations.,Late 1800s,Settlement
Cold Lake,54.4642° N,110.1825° W,"A road allowance community south of Sherridon known as ""Moccasin Flats"". Residents worked in mining and guiding but were denied land titles. Senator Ed Head recalled rebuilding log homes further down the road whenever they were forced to move.","The Guiding Ghost: A story based on James Sayese, who guided the discovery of the Sherridon Mine but lived in a shack on the road allowance because he wasn't allowed to own land.",#N/A,Road Allowance Community
Cold Lake (Kississing),55.1311° N,100.8683° W,"A road allowance community south of Sherridon known as ""Moccasin Flats"". Residents worked in mining and guiding but were denied land titles. Senator Ed Head recalled rebuilding log homes further down the road whenever they were forced to move.","The Guiding Ghost: A story based on James Sayese, who guided the discovery of the Sherridon Mine but lived in a shack on the road allowance because he wasn't allowed to own land.",Early 1900s,Road Allowance Community
Cooks Creek,50.0089° N,96.7561° W,"Site of St. Peter’s Anglican Mission established on land donated by Chief Peguis. By 1850, it was a productive community with 500 residents living on narrow river lots practicing agriculture.",Peguis’ Sanctuary: A narrative about the collaboration between Chief Peguis and Anglican missionaries to build a farming sanctuary for his people at Cooks Creek.,1833,Mission / Settlement
Cormorant,54.2181° N,100.6033° W,"Located north of The Pas on Cormorant Lake, this is a historic Indigenous campsite and fishing area. In 1959, it had 169 Métis residents and was key to managing the Summerberry Marsh trapping.","The Summerberry Trappers: A narrative centered on the seasonal trapping cycle in the marsh, seen through the eyes of a Cormorant family during the peak years of the northern trade.",Historic,Settlement
Cranberry Portage,54.5889° N,101.3789° W,"A 2,000-year-old portage between the Grassy River and Lake Athapapuskow. Métis trapper David Collins is credited with showing prospectors the claim that became the Flin Flon mines.","The Billion-Dollar Claim: A historical account following David Collins, exploring the irony of a trapper discovering a massive mining complex while receiving only a pittance in return.",Ancient; 1804 (Post),Settlement / Trading Post
Crane River (O-Chi-Chak-Ko-Sipi),51.5286° N,99.2789° W,"Located on the northwest shore of Lake Manitoba. Historically, Métis and First Nations gathered here to collect salt. It borders the Crane River First Nation.","The Salt Expedition: A story of traditional salt-harvesting trips to Crane River, highlighting the shared labor and community ties of local families.",Historic,Settlement
Crescentwood,49.8697° N,97.1681° W,"Originally composed of long Métis river lots south of the Assiniboine River in Winnipeg. Wealthy development starting in 1902 displaced original residents, pushing them toward Rooster Town.","The Advancing Suburb: A historical drama about a Métis family watching the surveyor’s stakes for the new suburb advance toward their river lot, signaling the end of their way of life.",Pre-1870 (Lots); 1902 (Suburb),Settlement (Displaced)
Cumberland House,53.9583° N,102.2667° W,A major fur trade juncture established in 1774. It was the main route into the North in the late 1800s.,Gatekeeper of the North: A story about life at Cumberland House as a central hub where brigades and prospectors met guides like James Sayese.,1774,Fort / Trading Post
Curling River Post,50.5983° N,96.3117° W,Established by Peter Fidler's son Charles to compete with NWC posts near Minnedosa. It was located on the Curling (now Rolling) River.,Fidler’s Stand: A rivalry story between the young Charles Fidler and the NWC traders at the nearby Desjarlais House during the height of the fur trade wars.,1817,Trading Post
Cypress Hills,49.6333° N,109.5000° W,A vital seasonal hunting ground and settlement area for the plains Métis. Hivernant families and brigades utilized the area extensively.,The Winter Brigade: A narrative detailing the lives of Métis families like the Dubois or Bonneaus during their wintering seasons in the Cypress Hills.,Historic,Settlement (Wintering site)
Deer Rapids,50.1833° N,96.8833° W,"The location of early Indian and Métis settlements on the Red River, later known as St. Andrews.",Limestone Sanctuary: A story following a family choosing the safety of Deer Rapids' high ground during a major flood year while central settlements are swept away.,Historic,Settlement
Dog Head Settlement,51.7456° N,96.9083° W,Located on the east shore of Lake Winnipeg; home to itinerant Métis such as prospector Louis Simard Sr.. Simard held claims in several mining shafts like the San Antonio.,"Simard’s Claim: A narrative following a northern prospector as he travels the rugged shores of Lake Winnipeg, searching for gold while maintaining his connection to his community.",1901 (Documented),Settlement / Trading Post
Dog Patch,49.9000° N,97.1500° W,A road allowance community in Winnipeg near the CPR Weston shops. Created as Métis were displaced by industrial expansion and urban development.,"Shanties by the Tracks: A narrative exploring the daily life and survival strategies of the ""Dog Patch"" community on the edge of the expanding industrial rail yards.",Early 1900s,Road Allowance Community
Duck Bay (Zhiishiibi-Ziibiing),52.0161° N,100.0097° W,A centuries-old gathering place on Lake Winnipegosis known for salt springs and fisheries. Many members took scrip in 1885 but unsuccessfully petitioned to return to Treaty status in 1893.,The Scrip Petition: A historical legal drama about the 1893 petition of the Duck Bay Métis as they struggle to reclaim their rights after being misled into taking scrip.,#N/A,Settlement
Baie de Canard,52.0161° N,100.0097° W,A centuries-old gathering place on Lake Winnipegosis known for salt springs and fisheries. Many members took scrip in 1885 but unsuccessfully petitioned to return to Treaty status in 1893.,The Scrip Petition: A historical legal drama about the 1893 petition of the Duck Bay Métis as they struggle to reclaim their rights after being misled into taking scrip.,Ancient; 1859 (Post),Settlement
Duck Mountain,51.6667° N,100.8333° W,"A significant geographic area for fur trade and Métis settlement, notably around San Clara and Boggy Creek.",Forest Harvest: A story about the families who marketed furs hunted in the Duck Mountains via the Pelly Trail and Shell River.,Historic,Geographic Landmark
Easterville,53.2300° N,99.2447° W,"The relocation site for families from the flooded Cedar Lake community. The townsite was deemed unsuitable for their traditional way of life, leading to government dependency.",Resilience at Easterville: A modern story following a younger generation as they rediscover the traditional fishing skills of their Cedar Lake ancestors in a new land.,Early 1960s,Settlement (Relocated)
Eddystone,51.1717° N,99.0439° W,"Originally called Lonely Lake; in 1938, residents collaborated to build the St. Thomas Aquinas Catholic Church. Land was donated by Jim Spence.",The Church of Lonely Lake: A story of community labor and faith as families build their own sanctuary during the height of the Great Depression.,1938 (Church),Settlement
Edmonton House (Fort Augustus),53.5444° N,113.4909° W,A major northwestern trade hub and destination for Red River families moving west.,The Long Trail: A story following a Red River cart brigade from St. Andrews to Edmonton as families seek new farmland and opportunities in the west.,1795,Fort / Trading Post
Fairford Settlement (formerly Pinaymootang),51.6033° N,98.4839° W,A mission and trading post where trade relations were notoriously tense in the late 1700s. Duncan Cameron wintered there in 1795-96.,"The Tense Trade: A narrative about the ""fighting trade"" of 1796 at Fairford, focusing on the fierce competition between independent traders and companies.",1795 (Post); 1842 (Mission),Mission / Trading Post
Fish Creek,52.5486° N,106.1367° W,Flows into the Assiniboine River near present-day Polo Park. Historically significant as the location where Cuthbert Grant and his men left the river to move north to Frog Plain in 1816.,The Strategic Turn: An action-focused historical piece about Grant’s maneuver at Catfish Creek to bypass the HBC monopoly and prepare for the battle at Seven Oaks.,Historic,Historic Site
Flee Island Entrenchments,50.1000° N,98.0833° W,Fortified camps built by Dakota refugees in 1864. They featured circular trenches and pits where women and children took refuge during attacks by bounty hunters.,The Ring of Pits: A survival story follows a Dakota family taking refuge in the trenches while being hunted after the 1862 uprising.,1864,Historic Site (Defensive)
Fond du Lac (now St. Laurent),50.4194° N,98.0050° W,Established by Métis forced to leave Pembina when it became American territory. Residents maintained a strong Michif identity despite church and school pressure to adopt standard French.,Persistence of Michif: A linguistic drama set in a schoolroom where Métis students secretly maintain their language despite authorities' pressure to change.,1824,Settlement
Fort Alexander (Sagkeeng),50.6053° N,96.2917° W,Originally an HBC post built to counter the NWC's Bas-de-la-Rivière. It was a key provisioning post where pemmican from the upper Assiniboine was stored for northwestern brigades.,"The Pemmican Depot: A narrative about the strategic importance of Fort Alexander as the ""gas station"" of the northern canoe routes.",1793,Fort / Trading Post
Fort Dauphin,51.1486° N,100.0531° W,"Established in present-day Winnipegosis by Chevalier de la Vérendrye. Explorer Peter Fidler died here in 1822. Later known as ""Dogtown"".","Fidler’s Final Map: A historical piece focusing on the final days of Peter Fidler at Fort Dauphin, reflecting on his decades of exploration.",1741,Fort / Trading Post
Fort de la Rivière Tremblante,51.4833° N,101.6333° W,"Built by Robert Grant, it was Cuthbert Grant Sr.'s favorite residence and a key provisioning post for brigades. Departed in 1798 due to intense competition.","Winter at the Tremblante: A story about the winter social life at Cuthbert Grant Sr.'s favorite post, set against the harsh conditions of the upper Assiniboine.",1791,Fort / Trading Post
"Fort de la Rivière Tremblante (Grant’s House, Aspin House)",51.4833° N,101.6333° W,"Built by Robert Grant of the North West Company in 1791, this post was situated on the Upper Assiniboine River near the mouth of the Rivière Tremblante. It became the favorite residence of Cuthbert Grant Sr. when he took charge of the district in 1793. The fort functioned as both a source of high-quality furs and a provisioning depot for brigades heading to Athabasca country. Grant abandoned the post in 1798 due to extreme competition from 14 other rival posts in the immediate region.","Grant’s Favorite Post: A historical drama set during the winter of 1794. The plot focuses on the domestic life of Cuthbert Grant Sr. as he manages the logistics of a major provisioning post while navigating the tensions of the ""fur trade wars."" The story culminates in his decision to abandon his beloved fort as the market becomes overcrowded with competitors, signaling the end of an era on the Upper Assiniboine.",1791,Fort / Trading Post
Fort des Épinettes,49.6167° N,99.2333° W,A major depot on the Assiniboine used for Mandan trade. Abandoned in 1781 after a smallpox epidemic.,The Smallpox Winter: A historical tragedy depicting the final days of the first fort as a smallpox epidemic sweeps through the camp.,1768,Fort / Trading Post
Fort Desjarlais,49.1233° N,100.4167° W,Built by Joseph Desjarlais and protected by an oak palisade. It was a major supplier of pemmican and whiskey.,The Independent Trader: A historical thriller centered on the 1846 seizure of furs at Fort Desjarlais by Cuthbert Grant during a crackdown on illicit trade.,1836,Fort / Trading Post
Fort Ellice,50.4786° N,101.2722° W,Established on the Qu’Appelle River; it served as the headquarters for the Swan River District. Managed by famous Métis traders like the McKays.,"The McKay Dynasty: A narrative focused on the John Richard McKay family at Fort Ellice, depicting their role as powerful intermediaries.",1794,Fort / Trading Post
Fort Gibralter,49.8903° N,97.1303° W,Built at the Forks by the NWC; seized by Louis Riel in 1869. Site for meetings of the Legislative Assembly of Assiniboia.,The Assembly at the Forks: A political drama set inside the fort in 1870 as the provisional government debates joining Canada.,1810,Fort / Trading Post
Fort la Reine,49.9625° N,98.3106° W,"Established near a buffalo crossing and sturgeon fishery. Home of Chief Peichito Tanner, who operated 250 Red River carts.",Tanner’s Cart Train: A story about Peichito Tanner’s massive freighting operation moving goods across the plains.,#N/A,Fort / Trading Post
Fort la Reine (Portage la Prairie),49.9625° N,98.3106° W,"Established near a buffalo crossing and sturgeon fishery. Home of Chief Peichito Tanner, who operated 250 Red River carts.",Tanner’s Cart Train: A story about Peichito Tanner’s massive freighting operation moving goods across the plains.,1738,Fort / Trading Post
Fort Langley,49.1678° N,122.5808° W,Listed in the Virtual Museum as a significant Métis location.,"Coast to Coast: A narrative linking the plains Métis with their kin at Fort Langley, highlighting the vast reach of the family networks.",Historic,Fort / Trading Post
Fort Montagne à la Bosse,49.8167° N,100.8667° W,Built on the Upper Assiniboine near buffalo wintering grounds. Buffalo could be seen grazing from the fort gate at almost any season.,"Harmon’s Enchanted Abode: A narrative about the ""enchanted abode"" described by Harmon where buffalo are always in view from the gate.",1790,Fort / Trading Post
Fort Mr. Grant,49.3333° N,100.9833° W,Built by Cuthbert Grant after the HBC closed Brandon House. Used to trade with Métis and Indians from Turtle Mountain to Qu’Appelle.,"Warden of the Plains: A standoff story set in 1824, where Cuthbert Grant uses his authority to protect his trade from American encroachment.",1824,Fort / Trading Post
Fort Pelly,51.7833° N,101.9833° W,Headquarters for the Swan River District before being replaced by Fort Ellice.,"District Hub: A story follows a trader moving between Pelly and the surrounding outposts, documenting the logistical challenges of the Swan River trade.",1824,Fort / Trading Post
Fort Pinancewaywining,49.2000° N,98.0167° W,Located south-west of Morden; first post supplied by Red River Carts from Pembina. Built by Alexander Henry the Younger.,"First Cart from Pembina: A story about the very first cart caravan to arrive, marking the birth of overland transportation in the region.",1802,Fort / Trading Post
Fort Rouge,49.8858° N,97.1325° W,Located at the south point of the Forks; originally river lots owned by Métis families. Residents were displaced by suburban expansion.,The Lost River Lots: A historical mystery exploring how the original Métis owners of Fort Rouge were systematically displaced by land speculators.,1738,Fort / Trading Post
Fort Souris,49.6667° N,99.5833° W,Built on the Souris River for Mandan trade. Abandoned when HBC built Brandon House but later re-established.,The Mandan Trade: A story about the competitive race in 1793 to reach the lucrative Mandan trade before the HBC.,1793,Fort / Trading Post
Fort St. Charles,49.3608° N,95.0442° W,Built by La Vérendrye in the early 1730s; ruins discovered in 1902. Contained remains of La Vérendrye's son.,Discovery of the Ruins: A historical account following the 1902 discovery of the fort and the return of remains to St. Boniface.,Early 1730s,Fort / Trading Post
Fouillard Town (The Corner / Li Kwayn),50.4689° N,101.2989° W,"A road allowance community near Binscarth established by refugees from Ste. Madeleine. After their homes in Ste. Madeleine were burned in 1939 to make way for a community pasture, residents resettled on a former gravel pit that had once been part of the Gambler Reserve. The community was sarcastically named Selby Town after a municipal official responsible for their displacement. In 1946, the Fouillard Special School was built to replace the mission school they lost.","Salvaged Timber: A story of profound spiritual and physical resilience. As the families of Ste. Madeleine watch their village burn, they decide to save what they can. The plot follows a group of men as they physically dismantle logs from their original church to drag them to ""The Corner"" to rebuild the St. Hubert Church, ensuring that their faith and community identity survive the displacement.",1939,Road Allowance Community
Four Persons,49.9167° N,110.8333° W,"A community mentioned in the Virtual Museum as associated with Choteau, Montana.","Montana Refuge: A story explores the lives of the ""landless"" Métis in communities like Four Persons after the migrations from Red River.",Late 1800s,Settlement
Frog Plain (La Grenouillère),49.9400° N,97.1000° W,Traditional meeting place north of Seven Oaks. Site of annual rendezvous where partners met brigades bringing pemmican.,"The Annual Rendezvous: A story of the grand gathering at Frog Plain, capturing the music, dance, and commerce of voyageur brigades.",Early 1800s,Meeting Site / Rendezvous
Gabriel's Crossing,52.6667° N,106.1000° W,A historic ferry crossing on the South Saskatchewan River operated by Gabriel Dumont.,"The Ferryman of the South: A narrative centered on Gabriel Dumont, depicting his role as a community leader and the logistics of operating the crossing.",1870s,Settlement / Transportation site
Grand Marais,50.4850° N,96.6347° W,Community on the east shore of Lake Winnipeg that maintained exclusive Métis identity until the mid-1950s. Overwhelmed by the tourist industry.,Memories of the Fiddle: A nostalgic story told by an Elder about the final years of the community's exclusive identity before the resort arrived.,Early 1800s,Settlement
Grand Rapids (Red River and Saskatchewan River),53.1864° N,99.2667° W,"The Red River community was formed after 1823 north of Winnipeg on high ground. In 1840, it was 39% Métis fathers and 97% Aboriginal mothers. The Saskatchewan River site was a fur trade gateway at the river's mouth at Lake Winnipeg. It was a base for ""free traders"" and a gathering place for seasonal sturgeon fishing. In the 1960s, the provincial government bulldozed Métis homes to clear the area for a hydro project, forcing residents to accept minimal compensation.","Bulldozers at Dawn: A poignant narrative following a Métis family at the mouth of the Saskatchewan River. They are among the families whose homes were designated for destruction by the Grand Rapids Hydro Project. The story details the pressure they felt to sign away their land for ""minimum sums"" and the tragic day they watched their ancestral homes being leveled to make way for the dam.",1823 (Red River) / 1864 (HBC Sask River),Settlement / Fort
Grande Pointe,49.7439° N,97.0272° W,Métis settlement dating back to the 1860s along the Seine River. Residents found employment building the Pembina Branch Railway in the 1870s.,The Railroad Laborers: A story about the Métis of Grande Pointe who built the very railroad that would eventually transform their community.,1860s,Settlement
Grantown (St. François Xavier),49.9197° N,97.5511° W,Established by Cuthbert Grant in 1823 as a buffer for the Red River Settlement. First industrial site in Manitoba for cart construction.,The Cart Builders: An epic narrative about the assembly of a 900-person cart brigade at Grantown for the massive annual hunt on the plains.,#N/A,Parish / Settlement
Grassy Narrows House,50.1667° N,94.6667° W,HBC outpost on Lake Winnipeg staffed by Métis families like the Whiteways and Spences. Located on the west bank of the Hecla channel.,Winter at Grassy Narrows: A story set at the isolated outpost follows a Métis clerk managing the post during a harsh Lake Winnipeg winter.,Pre-1875,Trading Post (Outpost)
Green Lake (Lac Vert),54.1167° N,107.6333° W,Listed as a significant Métis community in Saskatchewan.,"The Northern Trade: A story about the canoe routes through Green Lake, depicting the life of the northern voyageurs.",Historic,Settlement / Trading Post
Hair Hills or Pembina Mountains,49.1167° N,98.3667° W,Named for buffalo wool rubbed off on trees. Strategic wintering spot for hunters and site of early trading outposts.,The Wintering Band: A story set in the 1840s focusing on the life of a buffalo-hunting band surviving the cold in the shelter of the hills.,Historic,Geographic Landmark
Havre,48.5500° N,109.6841° W,Mentioned in Virtual Museum as a community where Métis took scrip in Montana.,Across the 49th: A narrative exploring the cross-border migrations and scrip applications of the Havre Métis.,Late 1800s,Settlement
Heart Butte,48.2911° N,112.8361° W,A Métis community in North Dakota mentioned in the Virtual Museum.,Prairie Kinship: A story about the cultural and family ties between Heart Butte and the Canadian Red River Métis.,Historic,Settlement
Îlets de Bois,49.4994° N,98.0017° W,"Primary stopping point for buffalo hunters to repair carts. Famous for spring ""sugar lots"" where families tapped maple trees.",The Sugar Moon: A seasonal story of the trek from Grantown to the maple groves where families find their kettles hidden exactly where they left them.,#N/A,Settlement / Sugar Bush Site
Îlets de Bois (now Carman),49.4994° N,98.0017° W,"Primary stopping point for buffalo hunters to repair carts. Famous for spring ""sugar lots"" where families tapped maple trees.",The Sugar Moon: A seasonal story of the trek from Grantown to the maple groves where families find their kettles hidden exactly where they left them.,1825,#N/A
Island Cache,54.0000° N,113.0000° W,Listed in the Virtual Museum as a Métis community in British Columbia.,"Mountain Crossing: A story follows a Métis family moving through the western passes to settle at Island Cache, linking the plains and the coast.",Historic,Settlement
Jack River Post,53.9833° N,97.8167° W,HBC post south of Norway House; relocation site for Selkirk Settlers in 1815. Replaced by modern Norway House site in 1827.,"Desperate Haven: A story of the 1815 evacuation of the colony to Jack River, highlighting the survival skills of Métis guides.",1796,Trading Post
Kansas Half Breed Tracts,39.2000° N,95.2000° W,Lands set aside for Métis people in the United States.,The US Reserve: A legal drama explores the struggle of families to hold onto land in the Kansas tracts during American westward expansion.,1825,Reserved Lands / Settlement
Kelly Lake,55.2333° N,120.0167° W,A Métis community in British Columbia mentioned in the Virtual Museum.,High Altitude Kinship: A story detailing the unique mountain lifestyle and enduring cultural traditions of the Kelly Lake Métis.,Historic,Settlement
Kettle Stones,51.5833° N,101.1833° W,Sandstone concretions in the Swan-Pelican forest. Traditional harvesting area for families of Pine Creek and Duck Bay.,"The Stone Medicine: A spiritual narrative exploring traditional significance and ""medicine stories"" associated with the Kettle Stones.",Ancient,Geographic Landmark
Kinosota,51.1558° N,98.9281° W,Established at the narrows of Lake Manitoba. Relocated in 1828 to oppose independent hunters. Treaty Two signed here in 1871.,"The Narrows Treaty: A historical drama focused on the signing of Treaty Two, depicting varying expectations of Métis and government.",#N/A,Settlement / Trading Post
La Chevulure Montagne Post (Hair Hills Post),48.9667° N,98.1167° W,Outpost established by Alexander Henry the Younger in the early 1800s to serve hunters of the Pembina hills.,The Hill Trade: A narrative follows a trader managing the frantic trade during a peak buffalo season in the hills.,Early 1800s,Trading Outpost
Laboucane (Duhamel),52.8833° N,112.9667° W,A significant Métis settlement in Alberta mentioned in the Virtual Museum.,Relocation to Duhamel: A story detailing the migration of the Laboucane family from Red River to build a new agricultural community in the west.,1870s,Settlement
Lac des Chênes (Flat Creek),49.9833° N,98.7167° W,"A traditional Métis wintering site that became a permanent settlement by the late 1860s, also known as Oak Lake.",Wintering at the Lake: A winter narrative focusing on the transition from temporary buffalo camp to permanent settlement at Oak Lake.,Late 1860s,Settlement / Wintering site
Lac Ste. Anne,53.7125° N,114.4022° W,A vital historic Métis mission and gathering place in Alberta.,Pilgrimage to the Lake: A story explores the spiritual traditions and annual summer gatherings at Lac Ste. Anne.,1844,Mission / Settlement
Lake Metigoshe Métis Settlement,49.0039° N,100.3553° W,Ancient camping place on Turtle Mountain that became a wintering site for hunters from Grantown. First settlers included Louis Lee Racine.,Cross-Border Winter: A story about families whose lives spanned the international boundary before it was strictly enforced.,Late 1800s,Settlement / Wintering site
Lake Pepin,44.5000° N,92.3000° W,A Métis tract mentioned in the Virtual Museum associated with early US land grants.,Mississippi Kin: A story follows families moving along the Mississippi trade routes between Red River and Lake Pepin.,1830,Reserved Lands / Settlement
Lane's Post,49.9547° N,97.7475° W,Managed by William Lane; primarily for farming. Lane was involved in a 1864 plot to capture Dakota leaders using drugged wine.,The Drugged Wine Plot: A suspenseful historical piece about the 1864 trap set at the post to capture leaders Little Six and Medicine Bottle.,#N/A,Trading Post / Farm
Lane’s Post (St. François Xavier),49.9547° N,97.7475° W,"Established in the 1850s at Pigeon Lake on the Assiniboine River, this post first appears in HBC records in 1856. It was managed by William Lane and was primarily used for its farming operations. The post was located about five miles past the St. François Xavier church. In 1864, it was the site where a plot was hatched to capture Dakota refugee leaders Little Six and Medicine Bottle. They were reportedly lured into a trap and drugged with wine before being bound and transported to Fort Pembina.","The Drugged Wine Plot: A suspenseful historical thriller set in January 1864. The story follows William Lane and John McKenzie as they coordinate a clandestine operation to capture the Dakota leaders. The narrative explores the ethics of the betrayal as they use the sanctuary of the post to offer drugged wine to the refugees, leading to their capture and delivery to American authorities at the border.",1856,Trading Post / Farm Depot
Last Mountain Lake,50.8167° N,105.1500° W,Listed as a significant site in the Virtual Museum.,The High Ground Hunt: A narrative following a hunt brigade as they camp at Last Mountain Lake during a summer buffalo run.,Historic,Seasonal Camp / Hunt site
Lido Plage,49.9658° N,97.6833° W,"Recreation area on the Assiniboine that hosted the annual ""Old Timers & Pioneers Picnic"". Featured jigging and fiddling contests.","The Old Timers Picnic: A vibrant story set during a 1940s picnic, capturing the music and dance of a major Métis cultural celebration.",1931 (Resort),Gathering / Recreation Site
Little Britain,50.1000° N,96.9500° W,Early name for Lockport; settled by retiring Orkneymen and families. Known for its landmark Presbyterian church built by master stonemasons.,The Master Masons: A historical piece about stonemasons as they construct the Little Britain church using local limestone.,1826,Settlement
Little Chicago (Chicago Line),48.9333° N,100.0167° W,Pejorative term for road allowance communities where Métis were displaced.,Life on the Line: A story about the struggle for basic services in a community designated with a pejorative name by the nearby township.,Early 1900s,Road Allowance Community
Little Grand Rapids House,52.0461° N,95.4608° W,HBC post at Family Lake named for rapids on Berens River. Supplies were delivered by York boat until 1871.,"The Last York Boat: A story about the final boat trip to the post in 1871, marking the end of a legendary era of transportation.",1848,Trading Post
Little Saskatchewan River,51.7000° N,98.5833° W,"Originates in Riding Mountain; called ""Rivière Rapide"" by David Thompson. Its valley was a key wintering area for bison.",Rapide Waters: A narrative centered on the ancient buffalo migration routes through the river valley as seen by a Métis hunting party.,Ancient,Geographic Landmark
Longbody Creek (Kenepikiniwewe),51.7661° N,96.6469° W,Established in 1988 for Métis displaced from Bloodvein Reserve. The community dispersed within five years as many returned to the reserve.,The Short-Lived Home: A modern story about the intense sense of community at Longbody Creek and the eventual return of its residents.,1988,Road Allowance Community
Loon Straits,51.5833° N,96.6000° W,Fishing and trapping community on eastern shore of Lake Winnipeg. Residents renowned for building seaworthy oak and cedar boats.,The Master Boatbuilder: A story of a craftsman at Loon Straits whose custom-built boat survives a legendary storm that sinks larger vessels.,Historic,Settlement
Lorette (Petit Point du Chênes),49.7478° N,96.9114° W,Settled in 1850s by families from central parishes. A community of freighters and buffalo hunters whose cattle grazed along the Seine.,Grazing the Seine: A story of founding families searching for new grazing lands and the eventual renaming of the parish by Bishop Tache.,#N/A,Parish / Settlement
Lorette (Petit Point des Chênes),49.7478° N,96.9114° W,Settled in 1850s by families from central parishes. A community of freighters and buffalo hunters whose cattle grazed along the Seine.,Grazing the Seine: A story of founding families searching for new grazing lands and the eventual renaming of the parish by Bishop Tache.,1850s,Parish / Settlement
MacGregor,49.9575° N,98.7661° W,Road allowance community west of Portage la Prairie. Residents displaced by the rail line and later lobbied for housing land in 1961.,Lobbying for Land: A story about the leadership of Alfred Roulette in 1961 as he lobbies the municipality for housing for the landless Métis.,1870s (Documented),Road Allowance Community
Mallard (Enniship),51.6833° N,99.4667° W,Associated with Skownan Band; named for a nearby lake. Settlers moved here in 1895 for wild game and Seneca root.,"The Enniship Settlers: A pioneer story about families who moved to Mallard in 1895, drawn by traditional harvesting opportunities.",1895,Settlement
Manigotagan (Bad Throat River),51.1064° N,96.3114° W,Named for the sound of a waterfall like a bad sound in the throat. Surveyed into 18 river lots in 1904 for Métis laborers.,"Sound of the Throat: A narrative exploring the legend of the eerie sound at Wood Falls, set against the 1904 river lot survey.",1904 (Survey),Settlement
Manitoba House (Kinosota),51.1558° N,98.9281° W,See entry for Kinosota.,Post at the Narrows: A historical story about daily operations seen through the eyes of its Métis staff.,Mid-1790s,Settlement / Trading Post
Mapleton,50.1500° N,96.8667° W,"Also called ""Old England,"" home to fur traders and Chief Peguis’ people. Along the Red River north of Lower Fort Garry.",Old England on the Red: A story about the cultural blend of Orkney-descended families and Saulteaux people in the district.,1790 (Peguis arrival),Settlement
Matheson Island (formerly Snake Island),51.7333° N,96.9333° W,"Stopping place for York boats renamed in 1903 after Daniel Matheson. Residents descend from Norwegian, English, and Icelandic settlers.","The Island Keeper: A story centered on Daniel Matheson, the first lighthouse keeper, watching lake traffic from his island home.",1867 (Post),Settlement / Stopping Point
Meadow Portage,51.6333° N,99.5833° W,Located on a narrow strip between Lake Manitoba and Lake Winnipegosis. Fur trade hub and later ranching community.,The Plain Portage: A story about the strategic route used for centuries to move between the great lakes of Manitoba.,Early 1900s (Ranching),Settlement / Stopping Point
Metikewap (Wooden/Bark Tent),50.5983° N,96.3117° W,Road allowance settlement east of The Pas named for bark-covered teepees. Disappeared due to flooding from Grand Rapids dam.,The Bark Tents: A story about the final season at Metikewap as residents prepare to leave before the rising water arrives.,Historic,Road Allowance Community
Métis Island,50.4167° N,98.0167° W,Site of a settlement north of Ross Island at Cross Lake before relocation to Nelson River.,Moving the Camp: A narrative about relocation from the island to the permanent settlement on the riverbank.,Historic,Settlement
Michipicoten Post,47.9333° N,84.9000° W,Significant HBC post on Lake Superior mentioned in Virtual Museum.,Superior Trade: A story detailing the importance of Michipicoten as a transshipment point for Red River goods moving toward the east.,Historic,Fort / Trading Post
Milk River,49.1417° N,112.0750° W,Site of Métis deportation from Montana mentioned in Virtual Museum.,Expulsion from the Plains: A story follows a family during the 1882 expulsion from Montana back across the border into Canada.,Late 1800s,Historic Site
Minnedosa,50.2464° N,99.8453° W,"Founded by John Tanner, a Civil War veteran, who built a ferry and store here. Formerly Tanner's Crossing.",The Crossing Ferry: A historical piece following John Tanner’s journey from the U.S. Civil War to establish a ferry hub.,1869,Settlement / Transportation Hub
Moose Lake (Settlement),54.0167° N,100.3500° W,Community southeast of The Pas whose traditional livelihood was devastated by dam flooding. Recorded 282 Métis in 1958.,The Flooded Delta: A narrative focused on the Summerberry Marsh trappers dealing with the loss of their traditional lands.,Historic,Settlement
Netley Creek (Rivière aux Morts),50.3667° N,96.9333° W,Site of native horticulture in 1805 where corn and potatoes were grown. HBC established a post here in 1813 with sixty horses.,The Netley Gardens: A story set in 1805 depicting thriving gardens and traders arriving to buy produce.,1803 (Post),Trading Post / Agricultural site
Norway House and Rossville,53.9753° N,97.8083° W,Transshipment hub where Chief Factors met in council. World-renowned center for building York boats.,"Council of Factors: A story about the grand meetings at Norway House, depicting its role as the fur trade capital.",1817,Fort / Settlement / Depot
Oak Lake (Lac des Chênes / Métis Wintering Sites),49.7694° N,100.6339° W,Watering stop west of Brandon; became a permanent settlement by late 1860s. Staffed by 50-100 Métis men.,Wintering at the Lake: A winter narrative focusing on the 1860s transition from seasonal camp to established settlement.,Late 1860s,Settlement / Wintering site
Oak Point House and Oak Point,50.5053° N,98.0056° W,"HBC trading post and wintering place for cattle where Métis took land grants. Associated with the ""Oak Point Nation"".",The Oak Point Nation: A story about the signing of Treaty One and the pressure put on the local band to relocate.,1860s (Post),Trading Post / Wintering site
Opaskweyaw (The Pas),53.8247° N,101.2417° W,"Rendezvous point for Cree and Métis hunters. Site of Devon Mission, established by Rev. Henry Budd in 1840.","Devon Mission: A biographical story about Rev. Henry Budd, exploring his leadership in building the local mission.",1741 (Fort); 1840 (Mission),Settlement / Rendezvous Site
Oxford House,54.9167° N,95.2833° W,Established on the Hayes River route Midway between York Factory and Norway House. William Sinclair raised 12 children there.,"The Sinclair Family: A family saga following the Sinclairs, depicting life on the northern trade route.",1798,Fort / Trading Post
Park Valley,53.5167° N,106.6667° W,Significant community area mentioned in Virtual Museum.,Valley Life: A narrative detailing the seasonal patterns of harvesting and kinship in Park Valley during the settlement era.,Historic,Settlement Hub
Pembina,48.9667° N,97.2442° W,Named for buffalo wool rubbed off on trees. Strategic wintering spot for hunters and site of early trading outposts.,The Wintering Band: A story set in the 1840s focusing on the life of a buffalo-hunting band surviving the cold in the shelter of the hills.,1797 (HBC Post),Settlement / Trading Post
Petit Point de Roches,49.9167° N,97.0500° W,Red River community north of Ste. Agathe inhabited by buffalo hunters and freighters.,Freighters on the Red: A story about the freighting life following a cart train stopping at the river lots.,Mid-1800s,Settlement (River Lot)
Petit Point du Chênes (Lorette),49.7478° N,96.9114° W,See entry for Lorette.,Graze and Freight: A story follows founding families as they graze cattle along the Seine and operate freighting brigades.,1850s,Parish / Settlement
Pikwitonei,55.5892° N,97.1481° W,Railway division point where Métis engaged in track maintenance and sturgeon fishery. Division point until 1972.,"End of the Steel: A story about Luke Clemons, a Métis man managing transportation at the terminus using a gas car.",1914,Settlement (Railway)
Pine Bluff,53.7167° N,101.4167° W,Self-sufficient settlement southeast of The Pas established as early as 1874. Entirely flooded by the Grand Rapids Dam.,The Vanishing Home: A legal drama about families losing their homes to a dam while being told they have no legal right to compensation for unsurveyed land.,1874,Settlement
Pine Dock (Bullhead),51.6500° N,96.8833° W,Community on Lake Winnipeg historically known as Bullhead.,The Bullhead Fishery: A story follows Jesse Matheson operating a stopping place for lake travelers during the York boat era.,Historic,Settlement
Pine Fort,49.6167° N,99.2333° W,Lowest post on Assiniboine; chief trade hub for Mandan Indians. Abandoned in 1794.,Trade with the Mandans: A story detailing a 1790 horse-back mission from Pine Fort to Mandan villages across the plains.,1768 (Fort des Épinettes),Fort / Trading Post
Pointe à Grouette,49.5606° N,97.1264° W,Settlement of hunters and salt makers where most were disenfranchised after 1870. Known as Petite Pointe à Saline.,Disenfranchised Lands: A drama about a family in 1870 losing their land due to mismanagement of the scrip system.,#N/A,Settlement
"Pointe à Grouette (Petite Pointe à Saline, St. Agathe)",49.5606° N,97.1264° W,Settlement of hunters and salt makers where most were disenfranchised after 1870. Known as Petite Pointe à Saline.,Disenfranchised Lands: A drama about a family in 1870 losing their land due to mismanagement of the scrip system.,Mid-1800s,Settlement / Parish
Pointe Coupée (St. Adolphe),49.6764° N,97.1136° W,Red River parish founded by Métis in early 1800s. Site of 1869 Resistance action against surveyors.,The St. Adolphe Resistance: An action story about the day Métis pulled out John Snow’s survey stakes to protect their property.,Early 1800s,Parish / Settlement
"Pointe des Chênes (Grande Pointe des Chênes, Ste. Anne de Chênes)",49.6633° N,96.5986° W,Woodcutting center where residents were primary laborers for Dawson Road. Enraged by John Snow ignoring boundaries.,The Road Builders: A story about Métis laborers building the Dawson Road while their own land rights are ignored by surveyors.,1850s,Settlement
Pointe du Chien-Maigre,49.6000° N,97.1167° W,A historic Métis name for Carlton House mentioned in the Virtual Museum.,"Post on the Plain: A narrative detailing life at the Carlton House post under its traditional name, focusing on the buffalo trade.",Historic,Historic Site / Fort
Poitras House,49.6333° N,97.2333° W,HBC post near Brandon named for the Métis trader in charge.,Trader Poitras: A narrative following the trader managing complex relations on the frontier Assiniboine.,1807,Trading Post
Poplar Point,50.0006° N,98.0017° W,Settlement featuring a log church with a bell from York Factory. Church completed in 1864.,The Church Bell’s Journey: A narrative about Poplar Point settlers building their church and installing its famous historic bell.,1850s,Parish / Settlement
Portage La Loche,56.5667° N,109.5833° W,Significant brigade hub mentioned in the Virtual Museum.,"The Long Portage: A story follows the Portage La Loche brigade, capturing the extreme physical labor and camaraderie of the northern boatmen.",Historic,Transportation Hub
Prairie à Fournier,49.5500° N,97.1333° W,Mission site east of St. Eustache on land gifted by Governor Simpson. Nolin sisters opened a school here in 1834.,School on the Prairie: A story follows the Nolin sisters establishing a four-language school at the mission for local children.,1834,Mission / Settlement site
Rabbit Point (Princess Harbour),51.9833° N,97.0500° W,Small peninsula on Lake Winnipeg near Bloodvein Bay. Positioned 304 air km north of Winnipeg.,Princess of the Harbour: A story of the community's unique identity and life as a remote northern fishing settlement.,Historic,Settlement
Rall’s (Rahls) Island (Settlement),53.8333° N,101.1833° W,Road allowance community downstream from The Pas. Founded by Charles Rall and Elizabeth Knight.,Charles Rall’s Home: A narrative follows a prospector who decides to build a homestead for his family in the northern delta.,1915,Road Allowance Community
Rat Portage,49.7667° N,94.4833° W,Disputed area between Manitoba and Ontario (today's Kenora).,Boundary Wars: A political drama about the confusion when the town was incorporated by both provinces simultaneously in 1882.,1882 (Incorporation),Settlement
Rat River (Rivière aux Rats),49.4667° N,97.1333° W,Wintering site with plentiful hay and wood. Surrounds the present community of St. Pierre Jolys.,Rat River Winterers: A narrative about the 1825 petition of the local Métis for permanent land title near the salt works.,1822-1825,Settlement / Wintering site
Red Deer Lake,52.9167° N,101.3167° W,This cluster of five Métis communities is located on the edge of the Porcupine Forest near the former Fort Red Deer River trading post. Barrows served as a major lumber town for the Red Deer Lumber Company until the sawmill closed around 1927. Baden was the largest of these communities in 1959 with 130 residents.,The Last Sawmill: A historical story set in the late 1920s detailing the sudden collapse of the local lumber industry. A family must weigh their deep ties to the forest against the economic pressure to move south to the city.,1794 (Post),Trading Post site / Settlement
Red River Settlements (North of Upper Fort Garry),49.9500° N,97.1000° W,"Network of narrow river lots extending north, home to hunters and farmers. Lots extended two miles east and west of river.",Generations on the Red: A family saga following a Métis family on their narrow lot from the fur trade through the 1869 Resistance.,Pre-1870,Settlement / Parish
Riding Mountain,50.6667° N,99.4167° W,"Known as Manitouapau Hills or ""Hill of the Buffalo Hunt"". Sacred grounds for elk and a strategic migration route.",Hunts of the Mountain: A spiritual story following a hunter through the sacred migration routes and the Elk Sacred Grounds.,Ancient,Historic Site / Landmark
Rivière aux Islets de Bois (Carman),49.4994° N,98.0017° W,"Winding river site famous for cart builders and ""sugar lots"". Now called Boyne River.",Sugar Bush Traditions: A narrative about families who returned to the same maple groves every spring for generations.,1825,Settlement
Rivière Esturgeon (St. Charles),49.8800° N,97.3000° W,Métis community west of Sturgeon Creek with a buffalo crossing and ferry. Formally renamed St. Charles in 1854.,Crossing the Esturgeon: A story set during the 1852 flood as families flee to the higher ground of the St. Charles parish.,Early 1800s,Parish / Settlement
Rivière Gratchias (Morris),49.3528° N,97.3331° W,Rest stop for Red River carts making their way south to St. Paul. Named for the abundant burdock (gratchias).,Cart Trains at Gratchias: A narrative exploring the vibrant culture of cart trains as they rest and repair at the Morris site.,Historic,Settlement / Transportation site
Rivière Sale (St. Norbert),49.7611° N,97.1517° W,Settlement dating back to 1822; cradle of the 1869-70 Resistance. Site of the famous wooden blockade turned back McDougall.,The Barrière Morning: A historical drama centered on the morning the Métis blockade turned back the Canadian governor and his retinue.,1822,Parish / Settlement
Rivière St. Pierre,49.4456° N,97.0422° W,An early explorer name for the Souris River and the Little Saskatchewan River.,Naming the Waters: A narrative following explorer's men as they name the winding rivers in the 1730s.,1734,Geographic Feature
Rock Lake (Lac des Roches),49.2167° N,99.2000° W,Source of Pembina River; inhabited by descendants of Henry’s Métis employees. People intermarried with Nakoda and Chippewa Cree.,The Lake Band: A story about intermarried families depicting their shared life and trade connections in the Pembina hills.,Historic,Settlement
Rooster Town,49.8600° N,97.1600° W,"Last known road allowance community in Winnipeg, located between railway tracks. Named Pakan Town for hazelnuts. Evicted in 1959 to make way for a shopping mall and school.",Hazelnut Summer: A poignant story follows a child harvesting nuts while sensing the impending arrival of the city’s bulldozers in 1959.,#N/A,Road Allowance Community
Rooster Town (Pakan Town),49.8600° N,97.1600° W,"Last known road allowance community in Winnipeg, located between railway tracks. Named Pakan Town for hazelnuts. Evicted in 1959 to make way for a shopping mall and school.",Hazelnut Summer: A poignant story follows a child harvesting nuts while sensing the impending arrival of the city’s bulldozers in 1959.,Early 1900s,Road Allowance Community
Salt Point Métis Settlement,52.0167° N,99.5833° W,"A community stretching along a five-kilometre section of the east shore of Lake Winnipegosis, accessed via PR #276. In the 1800s, the Monkman family operated a large-scale salt-making enterprise here, preparing salt by evaporation for the Hudson's Bay Company.",The Brine Boilers: A story detailing the grueling labor of the Monkman family as they harvest and evaporate salt across the lake from Winnipegosis to supply the northern brigades.,1800s,Settlement
Sandy Bay,50.5333° N,98.6333° W,"Originally the White Mud Band, these Ojibway-French mixed-bloods were relocated multiple times—first 20 miles north of Westbourne, then straight north in 1873, and finally to the current site in 1877 due to a surveyor’s error. In 1885, many members were pressured into withdrawing from Treaty to take scrip.","The Scrip Deception: A legal drama following François Desmerais and the 1886 petition to the Prime Minister, detailing how families felt ""forced"" to take scrip and sell it for goods, only to regret it a week later.",1871,Settlement
"Sault à la Biche (Deer Rapids, St. Andrews)",50.0500° N,96.9167° W,Located at the limestone rapids of the Red River south of Selkirk. It was chosen for early Indian and Métis settlements because the high ground offered protection from the massive floods that frequently devastated the Forks. The Selkirk Settlers later renamed the area St. Andrews.,"Refuge on the Rapids: A historical survival story following a family as they flee the 1826 flood, finding safety on the limestone banks of Sault à la Biche while the central settlement is submerged.",Early 1800s,Settlement
Saulteaux Village,49.9822° N,97.9011° W,"A French-Métis parish on the Assiniboine River between St. François Xavier and Poplar Point. Father Belcourt founded the mission to transition the Métis and Saulteaux to a sedentary lifestyle by providing plows and oxen to plant potatoes, corn, and oats. The settlement included a school led by the Nolin sisters, who were fluent in French, English, Ojibwa, and Cree.","Graves in the Current: A haunting historical piece set during the catastrophic 1882 flood. As the cemetery slides into the rising Assiniboine, families are forced to make a difficult trek to North Dakota with their parish priest, Cyrille Saint-Pierre, to seek a new beginning.",1832,Parish / Settlement
Selby Town,50.4700° N,101.2800° W,"A Métis road allowance community south of Binscarth. It was settled in 1939 by refugees from Ste. Madeleine after their original homes were burned. The community was sarcastically named ""Selby Town"" after one of the municipal officials the Métis blamed for their displacement.","The Sarcastic Name: A story of community resilience where the displaced families of Ste. Madeleine use humor as a weapon of protest, naming their shanty town after the man who signed the order to burn their homes.",1939,Road Allowance Community
Seven Oaks (Sept Chênes),49.9325° N,97.1189° W,Site of the 1816 battle known to the Métis as La battaille de la Grenouillère (Battle of Frog Plain). The conflict began when HBC Governor Semple's men opened fire on a Métis brigade led by Cuthbert Grant. The Métis victory is commemorated as a defining moment of national identity.,"Paashkiiyaakanaan (We Won): An action-filled historical retelling of June 19, 1816, following the young Joseph Letendre dit Batoche during the frantic minutes of the battle that changed the course of the fur trade.","June 19, 1816",Historic Site (Battlefield)
Shoal River,52.7500° N,100.7000° W,"An HBC post located on Pelican Lake, which was part of the Shoal River system. It served as a trade hub for the local Cree-Saulteaux Band and was connected to the settlement at Pelican Rapids.",Trade at Shoal River: A narrative focused on the seasonal interactions and kinship ties between the Métis traders at the post and the members of the Shoal River Cree-Saulteaux Band.,#N/A,Settlement / Trading Post
Shoal River House,52.7500° N,100.7000° W,"An HBC post located on Pelican Lake, which was part of the Shoal River system. It served as a trade hub for the local Cree-Saulteaux Band and was connected to the settlement at Pelican Rapids.",Trade at Shoal River: A narrative focused on the seasonal interactions and kinship ties between the Métis traders at the post and the members of the Shoal River Cree-Saulteaux Band.,Historic,Trading Post
"Skownan, Rock Ridge and Mallard Métis Settlements",51.6833° N,99.4667° W,"A cluster of settlements on the south shore of Waterhen Lake. Skownan is a Cree name meaning ""to turn around the point."" These communities were originally mixed Saulteaux-Métis bands that utilized the rich resources of the lake for hunting and fishing.","Turning the Point: A family saga following the migration of families between Mallard and Rock Ridge in 1895, drawn by the abundance of wild game, berries, and Seneca root.",1895 (Mallard),Settlement
Smokey River,55.4500° N,118.2000° W,This location is identified in the Virtual Museum of Métis History and Culture as having significant scrip applications from the Alberta region. It represents a key area of Métis settlement in the western homeland territory beyond the Red River Valley.,"Scrip on the Smokey: A narrative exploring the 1885 scrip commission's visit to the Smokey River area. The story follows a family as they weigh the government's offer of scrip against their traditional land rights, illustrating the legal and social shifts occurring in the western Métis settlements during the late 19th century.",Historic,Settlement Hub
South Indian Lake Métis Settlement,56.7833° N,98.9167° W,"A community located 130 km north of Thompson. Originally home to a 1930s HBC post, the area was devastated by the Churchill River Diversion Project, which flooded the lake and ruined the traditional fishing and trapping economy.","The Diverted River: A modern tragedy following a commercial fisherman at South Indian Lake as he watches the rising, murky waters of the hydro project destroy the pristine whitefish grounds of his ancestors.",1803 (Original Post),Settlement
Spring Creek (Lewistown),47.0625° N,109.4281° W,"Located in Montana, this site is recognized for its first Catholic pioneers from the Métis community. It was a significant destination for Métis families migrating south from the Red River Settlement during the late 1800s.","Montana Pioneers: A family saga detailing the long trek from the Red River valley to Spring Creek, Montana. The plot explores how the community established a new life on the ""Front Range,"" maintaining their Michif language and Catholic traditions in a new territory.",Late 1800s,Settlement
St. Adolphe,49.6764° N,97.1136° W,Red River parish founded by Métis in early 1800s. Site of 1869 Resistance action against surveyors.,The St. Adolphe Resistance: An action story about the day Métis pulled out John Snow’s survey stakes to protect their property.,Early 1800s,Parish / Settlement
St. Ambroise,50.2742° N,98.0772° W,"A small Métis community on the southeast tip of Lake Manitoba. After 1870, many Métis relocated here to ""scrub land"" that was independent and self-sufficient. The community relied heavily on the October whitefish run and harvesting saskatoon berries.","Berry Summer, Fish Fall: A vibrant seasonal narrative exploring the life of the community as they transition from the July berry festival to the intense labor of the fall whitefish spawn.",1870 (Relocation),Settlement
St. Ambroise Dakota Entrenchment (Historic Site),50.2764° N,98.0753° W,"A continuous circular earthen embankment 114 metres in diameter with interior rifle pits. It was built by a group of Dakota led by ""The Leaf"" who were fleeing bounty hunters in 1864. The site is a rare example of a ćunkaśke (Nation of the Forts) defensive structure.","Rifle Pits at Dawn: A tense historical drama set in May 1864, as the Dakota frantically dig entrenchments to protect their women and children from a looming attack by Minnesota bounty hunters.",1864,Historic / Defensive Site
St. Andrews,50.0667° N,96.9167° W,Located at the limestone rapids of the Red River south of Selkirk. It was chosen for early Indian and Métis settlements because the high ground offered protection from the massive floods that frequently devastated the Forks. The Selkirk Settlers later renamed the area St. Andrews.,"Refuge on the Rapids: A historical survival story following a family as they flee the 1826 flood, finding safety on the limestone banks of Sault à la Biche while the central settlement is submerged.",1823,Parish / Settlement
St. Anne de Chênes,49.6633° N,96.5986° W,See Pointe des Chênes.,See Pointe des Chênes.,1850s,Settlement
St. Boniface,49.8906° N,97.1197° W,"Named by Bishop Provencher in honor of an English missionary. It was the historic center of the Red River Settlement and the administrative heart of the Métis Nation. Provencher famously said it would take ""the faith of a Boniface"" to work with the Métis.",The Heart of the Nation: A historical account of the founding of the mission and its transformation into the central gathering place for the legislative assembly that brought Manitoba into Confederation.,1818,Parish / Settlement Hub
St. Charles,49.8800° N,97.3000° W,"The location of ""The Passage,"" a natural ford for Red River carts. Among the earliest settlers on the river lot farms were the Beauchemin, Hogue, and Morrissette families.","Bypassing the Forks: A story about independent traders in the 1840s using ""The Passage"" in Charleswood to bypass the HBC monopoly at the Forks.",Early 1800s,Parish / Settlement
St. Eustache (formerly Baie St. Paul),49.9742° N,97.8506° W,"Originally part of the Baie St. Paul parish, the mission was destroyed by extensive flooding in 1882. Many residents relocated to North Dakota, but Bishop Tache sent missionary Thomas Quevillion to find a new, higher site. St. Eustache was established in January 1898 and named after the patron saint of hunters. In 1958, it was recorded as a large road allowance community with 434 Métis residents.","The Saint of Hunters: A historical story about the community's rebirth in 1898. Following the heartbreak of seeing their ancestors' graves slide into the Assiniboine River in 1882, the narrative follows a family as they work with missionary Thomas Quevillion to build a new church on safer ground, dedicating their new home to St. Eustache to honor their enduring identity as buffalo hunters.",1898,Settlement / Road Allowance
St. François Xavier,49.9197° N,97.5511° W,Established by Cuthbert Grant in 1823 as a buffer for the Red River Settlement. First industrial site in Manitoba for cart construction.,The Cart Builders: An epic narrative about the assembly of a 900-person cart brigade at Grantown for the massive annual hunt on the plains.,1823,Parish / Settlement
St. Joseph (Walhalla),48.9228° N,97.9172° W,"This location in North Dakota was where Father Belcourt moved his mission and school in 1853, thirty miles west of Pembina. It became a significant hub for Métis families who were forced to leave the Red River Settlement or Pembina due to international boundary shifts. It was also the home of John Tanner before he enlisted in the Union Army during the American Civil War.","The Mission on the Hill: A story focused on the 1853 relocation of Belcourt’s parishioners from Baie St. Paul to St. Joseph. The plot details the labor of building a new school and church on the slopes of the Pembina Hills, creating a sanctuary for families seeking a life away from the fur trade monopoly of the Hudson's Bay Company.",1853,Mission / Settlement
St. Laurent,50.4194° N,98.0050° W,Established by Métis forced to leave Pembina when it became American territory. Residents maintained a strong Michif identity despite church and school pressure to adopt standard French.,Persistence of Michif: A linguistic drama set in a schoolroom where Métis students secretly maintain their language despite authorities' pressure to change.,1824,Settlement
St. Mary’s (Portage la Prairie),49.9625° N,98.3106° W,"Founded in 1853 by Reverend William Cockran and families from Middlechurch and St. Andrews. The settlers moved westward as the good river lots near the Forks were exhausted, seeking new farmland along the Assiniboine.",Portage Bound: A narrative following the Anderson and Whitford families as they drive their carts west from the crowded Red River to stake a new future at St. Mary’s.,1853,Parish / Settlement
St. Norbert,49.7611° N,97.1517° W,Settlement dating back to 1822; cradle of the 1869-70 Resistance. Site of the famous wooden blockade turned back McDougall.,The Barrière Morning: A historical drama centered on the morning the Métis blockade turned back the Canadian governor and his retinue.,1822,Parish / Settlement
St. Peter's Mission,47.4167° N,111.7500° W,"Listed in the Virtual Museum index, this mission is noted for its students, including those who were contemporaries of Louis Riel. It was part of the broader network of Jesuit and Catholic missions that educated the Métis leadership in the mid-to-late 19th century.","Riel’s Classmates: A narrative set in the mission schoolroom, exploring the intellectual and political awakening of young Métis students. The story details the influence of the mission's teachings on their understanding of land rights and national identity, which would later fuel the Resistance movements.",Historic,Mission
St. Pierre,49.4456° N,97.0422° W,An early explorer name for the Souris River and the Little Saskatchewan River.,Naming the Waters: A narrative following explorer's men as they name the winding rivers in the 1730s.,1822,Settlement / Wintering site
St. Vital,49.8206° N,97.1086° W,"Site of the early Métis river lots for families like the Riels, Naults, and Bruces. It developed along a broad elbow of the Red River south of St. Boniface. The Grey Nuns opened a school here in 1860.","Raising Riel: A domestic drama set in the Riel home in St. Vital, following the young Louis as he learns the traditions of the buffalo hunt and the responsibilities of leadership.",1824,Settlement
Ste. Madeleine,50.4500° N,101.3500° W,"A traditional community of over twenty families homesteaded since the 1870s. In 1938, the town was destroyed to create a community pasture. Homes were burned, dogs were shot, and the church was dismantled.","Defending the Bell: An intense story of defiance where Joe Venne and community members arm themselves with rifles to confront the crew sent to dismantle their church, saving the building from becoming a piggery.",1870s,Settlement (Destroyed)
Ste. Rose du Lac,51.1147° N,99.4914° W,"Established in 1889 by families from St. Vital looking for haylands to overwinter their animals. Led by the sons of Jean Baptiste Spence and guided by John Desmarais, they settled on the Turtle River.","The Exploratory Trip: A story following the Neault and Spence families on their 190-mile journey from St. Vital to the Turtle River, discovering graves marked by a tall oak cross that proved their ancestors were already there.",1889,Settlement
Stony Mountain,50.0886° N,97.2250° W,"Known as ""Snake Indian Hills,"" it was a high-ground sanctuary used for centuries to escape Red River floods. The ""Faith Trail"" brought settlers in ox-drawn carts to the region.","Floods of the Valley: A story follows a cart brigade during the early 1800s, racing against rising waters to reach the safety of the Stony Mountain plateau.",1870 (Homestead),Sanctuary / Landmark
Stovepipe (Tuyau),53.9695° N,110.1767° W,"A road allowance tent community in the Ste. Anne area inhabited by the families of woodcutters working in the forests to the east. The name ""Stovepipe"" referred to the makeshift stovepipes poking through the tent roofs.","Shanties of Stovepipe: A survival story detailing the daily life of a woodcutter's family in the Ste. Anne area, living in a road allowance camp during a bitter winter.",Mid-1800s,Road Allowance Community
Sugar Island (Lake Manitoba),51.1000° N,98.9000° W,"A historic maple sugaring site for the Métis of Ebb and Flow and Bacon Ridge. Families like that of ""Nonoonse"" returned every spring for over forty years to continue the traditions of their grandmothers.","Syrup Spring: A cultural narrative centered on Nonoonse as she returns to Sugar Island to tap the maples, demonstrating the enduring spiritual and economic importance of the sugar bush.",Ancient,Traditional Harvesting Site
Summerberry Marsh,53.8333° N,100.8333° W,"A massive drainage basin east of The Pas used for muskrat trapping. The traditional livelihood was destroyed by the Grand Rapids Dam, leading to a long struggle for compensation by the Métis Federation.",The Muskrat Marsh: A family narrative following the impact of the Grand Rapids Generating Station on commercial trapping and the eventual fight for historical justice and compensation.,Historic,Traditional Harvesting Area
Swan Creek,50.6000° N,98.0500° W,"Located north of St. Laurent near Monkman’s Point. It was inhabited primarily by the Monkman family and their relations, who eventually moved to St. Laurent to form a larger Métis hub.",The Monkmans of Swan: A story following a family moving from their isolated creek-side home to the growing community of St. Laurent following the 1871 treaty.,Pre-1871,Settlement
Swan River (and Swan River House),52.1081° N,101.2647° W,Established in 1790 by the HBC and Cuthbert Grant. The post’s primary purpose was to trade for birch bark for canoe-making. Many modern Métis families trace their roots to the men who operated this post.,Bark and Fur: A historical piece focusing on the skilled Métis canoe-makers at Swan River House who were vital to the logistics of the entire northern trade network.,1790,Fort / Trading Post
Tanner’s Crossing (Minnedosa),50.2464° N,99.8453° W,"Founded by John Tanner, a veteran of the American Civil War, who built a ferry and store here on the Carlton Trail. The name was changed to Minnedosa in 1883 by land speculators.","The Crossing Ferry: A historical piece following John Tanner’s journey from the Union Army to the Little Saskatchewan River, establishing a vital hub for the western cart trains.",1869,Settlement / Transportation Hub
Teton River,47.8167° N,110.6667° W,This site in Montana (South Fork) is identified as a significant Métis community in the Virtual Museum. It served as a wintering and hunting quarter for the plains Métis moving across the international boundary.,"The South Fork Hunt: A narrative following a Métis hunting brigade as they establish a winter camp on the Teton River. The story illustrates the vast geographic reach of the Métis family networks, linking the Montana plains to the Red River settlements through marriage and trade.",Historic,Settlement / Wintering site
The Corner (Li Kwayn),50.4689° N,101.2989° W,"A road allowance community near Binscarth for Ste. Madeleine refugees. Located on a former gravel pit, residents built the St. Hubert Church using logs salvaged from their burned village.","Salvaged Timber: A story of spiritual resilience where families painstakingly drag logs from their destroyed village to ""The Corner"" to rebuild their sanctuary and their lives.",1939,Road Allowance Community
The Pas,53.8247° N,101.2417° W,"Rendezvous point for Cree and Métis hunters. Site of Devon Mission, established by Rev. Henry Budd in 1840.","Devon Mission: A biographical story about Rev. Henry Budd, exploring his leadership in building the local mission.",1741 (Fort),Settlement / Rendezvous Site
The Passage (Charleswood),49.8517° N,97.2831° W,A natural ford for buffalo and Red River carts where the Assiniboine River was shallow. It was used by independent traders to bypass the HBC monopoly at the Forks.,"Bypassing the Forks: A suspenseful story about ""free traders"" in the 1840s using ""The Passage"" under the cover of night to smuggle furs past the company's eyes.",Early 1800s,Transportation Landmark
Thicket Portage,55.3217° N,97.6881° W,"Located on the Hudson Bay Railway line. Before the rail, the Métis here operated York boats and dog teams. The community was a key sturgeon fishing camp known as ""The Fiddle.""","Fishing the Fiddle: A narrative detailing the seasonal rhythms of the sturgeon fishery at Thicket Portage and the transition from river travel to the ""Bay Line"" railway era.",1914 (Rail),Settlement (Railway)
Thomas Métis Settlement,50.4700° N,101.2800° W,A road allowance community outside of The Pas named for the founding family. It was represented by the Northern Halfbreed Association starting in the 1930s.,The Thomas Claim: A story of the family's struggle for land title and recognition as they lobby the government to survey the Crown lands they called home.,1930s,Road Allowance Community
Tin Town,53.8200° N,101.2500° W,A road allowance community south of Rooster Town in Winnipeg. It was built from scrap metal and tin by destitute families during the Depression.,Baseball on the Flats: A lighthearted sports story about high-stakes baseball games played on dirt lots between the children of Rooster Town and Tin Town in the 1950s.,1930s,Road Allowance Community
Tokyo at Crescent Lake,50.4000° N,102.5000° W,A Métis community located near Crescent Lake in Saskatchewan. It is listed as one of the many dispersed settlements that formed after the migrations of the late 19th century.,"Life at Crescent Lake: A communal story detailing the daily life of families in ""Tokyo,"" exploring their strategies for self-sufficiency through small-scale farming and trapping while maintaining their unique Michif culture in the Saskatchewan interior.",Historic,Settlement
Totogan,50.1500° N,98.3167° W,"A settlement at the junction of Rat Creek and Whitemud River. Its name means ""low, swampy land."" It was once touted as the ""New Chicago"" before extreme floods in the 1880s led to its abandonment.","The Chicago of the North: A historical tragedy depicting the final days of Totogan as floodwaters rise, causing buildings to float away and settlers to pull up stakes.",1870s,Settlement (Abandoned)
Turtle Mountain,49.0531° N,100.1836° W,"A favorite wintering spot with abundant game. Turtle Mountain House was established in 1846 and operated by Antoine Desjarlais until 1855. It was a site of Métis resistance and starvation during the ""winter of 1894.""","Starvation Winter: A historical drama focused on the 1894 winter, depicting the community's struggle for survival and the failure of government aid during an extreme blizzard.",#N/A,#N/A
Turtle Mountain (and Turtle Mountain House),49.0531° N,100.1836° W,"A favorite wintering spot with abundant game. Turtle Mountain House was established in 1846 and operated by Antoine Desjarlais until 1855. It was a site of Métis resistance and starvation during the ""winter of 1894.""","Starvation Winter: A historical drama focused on the 1894 winter, depicting the community's struggle for survival and the failure of government aid during an extreme blizzard.",1846 (Post),Landmark / Settlement
Umphreville or Humphreville (Settlement),53.8400° N,101.2100° W,"A road allowance community northeast of The Pas named for its patriarch, John Umphreville. The family was connected to a vast kinship network extending from Moose Lake to Prince Albert.",The Umphreville Saga: A story following the patriarch’s descendants as they build a legacy in the northern river delta despite being excluded from town services.,1900s,Road Allowance Community
Upper Athabasca,54.8167° N,118.0000° W,"This region's history is characterized as an Upper Athabasca Ethnohistory, involving the Snare, Snake, and Iroquois-Métis people. It was a key area for the northwestern fur trade and the Iroquois voyageur families who settled there.","The Mountain Voyageurs: A historical piece following the descendants of Iroquois ""trip-men"" as they settle in the Upper Athabasca. The narrative explores the blending of cultures in the mountain foothills, creating a distinct Métis identity rooted in the demanding labor of the northwestern canoe brigades.",Historic,Settlement Hub
Upper Fort Garry,49.8886° N,97.1308° W,"Network of narrow river lots extending north, home to hunters and farmers. Lots extended two miles east and west of river.",Generations on the Red: A family saga following a Métis family on their narrow lot from the fur trade through the 1869 Resistance.,1822,Fort / administrative center
Wabowden,54.9142° N,98.6258° W,"Originally located at Setting Lake on the Grass River route, it relocated to Bowden Lake with the railway in the 1920s. It remains a major center for commercial fishing in the north.","Fish Station Rhythms: A narrative centered on the Wabowden fish station, exploring the logistics and camaraderie of the northern commercial fishery.",Late 1800s,Settlement
Waterhen River (Rivière de la Poule d'Eau),51.7289° N,99.5317° W,The primary outflow for Lake Winnipegosis into Lake Manitoba. It was a vital transportation route used by Métis and Saulteaux hunters to move between St. Laurent and Duck Bay.,Traversing the Waterhen: A travel narrative following a hunting party as they navigate the complex river channels between the two great Manitoba lakes.,Historic,Transportation Route
Wekusko (Herb) Lake,54.8333° N,99.7500° W,A mining supply center developed after gold was discovered in gold-bearing quartz in 1914. Former MMF President Ed Head worked here as a diamond-driller.,"Herb Lake Gold: A gold rush story from a Métis perspective, depicting the impact of the sudden influx of prospectors on traditional trapping grounds.",1914,Settlement (Mining town)
Wheat City,49.8483° N,99.9500° W,"A Métis community in Charleswood dating to the 1820s, located near a buffalo crossing. Families like the Branconniers and Morrissettes worked as harvest laborers and ferrymen.","Old Mrs. Morrissette’s Memory: A narrative centered on ""Old Mrs. Morrissette"" recounting her vivid memories of the 1826 flood for the children of the 1880s settlers.",1820s,Settlement
Whiskey Flats,49.0167° N,113.1167° W,"Listed alongside Moccasin Flats in the Virtual Museum, this was a road allowance community. These communities were often characterized by pejorative names given by nearby white settlements and lacked basic services like water and sewage.","Life on the Flats: A survival story set in a road allowance community, where families use their ingenuity to build homes from scrap materials. The narrative focuses on the community's resilience in the face of social segregation and their determination to provide an education for their children despite being excluded from municipal services.",Early 1900s,Road Allowance Community
White Mud River,50.1500° N,98.3167° W,"First named ""White Mud River Settlement"" after the color of the clay on its banks. It was a hunter's village with a small church and burial ground.","The White Mud Census: A story based on the 1870 census of the 150 residents, detailing the daily lives of hunters and their families before the 1881 floods.",#N/A,Settlement
White Mud River Settlement (Rat Creek and Totogan),50.1500° N,98.3167° W,"First named ""White Mud River Settlement"" after the color of the clay on its banks. It was a hunter's village with a small church and burial ground.","The White Mud Census: A story based on the 1870 census of the 150 residents, detailing the daily lives of hunters and their families before the 1881 floods.",Historic,Settlement (Abandoned)
Whiteway Point,51.6833° N,96.8833° W,A point on the narrows of Lake Winnipeg named after the HBC official in charge of the post. It is now called West Doghead Point.,Post at the Narrows: A historical account of daily life at the isolated Lake Winnipeg outpost as seen through the eyes of its Métis staff.,Pre-1859,Trading Post (Outpost)
Williams County,48.3333° N,103.5000° W,"Located in North Dakota, this county is identified as a site of significant Métis residence and history in the Virtual Museum. It represents the southern extension of the Métis Homeland.",Borderland Kin: A story of a Métis family whose land holdings and kinship ties span the boundary between Manitoba and Williams County. The plot centers on the challenges of navigating new international regulations that threatened to divide their community and their traditional hunting territories.,Historic,Settlement
Willow Bunch,49.3986° N,105.6917° W,"Historically known as Talle de Saules, this was a vital hivernant (wintering) community in Saskatchewan. It was a major destination for Métis families after the 1870 and 1885 Resistance movements.","The Willow Haven: A narrative set after the 1885 Resistance, following families as they find sanctuary in Willow Bunch. The story details the community's transformation from a temporary wintering site into a permanent cultural hub for the plains Métis.",Historic,Settlement / Wintering site
Willow Flats,49.0000° N,105.0000° W,A Métis road allowance community located in the Northwest Territories. It is part of the extensive northern network of Métis settlements characterized by displacement and landlessness.,"Northern Resilience: A modern story set in the NWT, focusing on the history of the Willow Flats residents as they advocate for land titles and recognition of their unique contributions to the northern economy and transportation networks.",Early 1900s,Road Allowance Community
Winnipeg-St. Boniface,49.8906° N,97.1197° W,"The historic heart of the Red River Métis Homeland, this area served as the administrative, religious, and political center. St. Boniface was named by Bishop Provencher, who said it would take ""the faith of a Boniface"" to work with the Métis. The region is covered in multiple census databases (1901, 1911, 1916) and was the site of the Legislative Assembly of Assiniboia.","The Forks of History: A sweeping historical narrative set during the winter of 1869-70. The plot follows the families of St. Boniface as they gather at the Cathedral and Upper Fort Garry to support Louis Riel’s provisional government, illustrating the community's role in the birth of the province of Manitoba and the defense of Métis rights.",1818,Parish / Settlement Hub
Winnipegosis,51.6553° N,99.9239° W,"Named for the Cree word meaning ""Little Muddy Water."" It was the site of the 1741 Fort Dauphin and later a major center for the 20th-century timber and fishing booms.","Little Muddy Water Boom: A story set during the community's economic peak, following a family working in the timber mills during the early 1900s.",1741 (Fort),Settlement
York Factory,57.0017° N,92.3047° W,The central base of operations for the HBC fur trade for centuries. It featured a massive octagonal star fort designed to withstand naval attacks.,The Star Fort: A historical piece detailing the 1697 Battle of Hudson’s Bay—the largest northern naval battle—taking place just off the coast of the factory.,1684,Fort / Trading Post
Young Point Settlement,51.7833° N,101.2167° W,"A road allowance community south of The Pas in the Pasquia Settlement named for Josiah Young. It was excluded from town boundaries, denying residents basic services.",Outside the Boundaries: A social drama focusing on the Josiah Young family as they build a productive life on the road allowance while being denied town water and sewer.,1950s (Census),Road Allowance Community